Workbook
Name IC: #REF!
Name PCB_PCBA: #REF!
Name 半成品: #REF!
Name 编程器: #REF!
Name 测试仪器: #REF!
Name 测试治具: #REF!
Name 产品: #REF!
Name 产品类别: #REF!
Name 传感器_开关: #REF!
Name 电机: #REF!
Name 电源: #REF!
Name 工控电脑: #REF!
Name 机架_机柜_机箱_机盒: #REF!
Name 继电器_接触器: #REF!
Name 今年工资统计: [1]今年工资统计!$A$1:$R$58
Name 连接器: #REF!
Name 连接线: #REF!
Name 其它半成品: #REF!
Name 其它原材料: #REF!
Name 气动元件: #REF!
Name 去年工资统计: [2]去年工资统计!$A$1:$F$60
Name 数据图像采集_通讯卡: #REF!
Name 五金标准件_加工件: #REF!
Name 原材料: #REF!

Sheet 12月
A1: 技术开发部人员 | B1: 汇总工时 | C1: 11月工时
C2: 正常工时 | D2: 出差工时 | E2: 出差加班工时 | F2: 加班工时 | G2: 假期工时 | H2: 小计 | I2: 出差工时占比
A3: 席程 | B3: =VLOOKUP(A3,[3]考勤!$B$79:$W$90,22,0) -> 265.5 | C3: =VLOOKUP(A3,[3]考勤!$B$79:$T$90,19,0) -> 184 | F3: =VLOOKUP(A3,[3]考勤!$B$79:$U$90,20,FALSE) -> 82.5 | G3: =VLOOKUP(A3,[3]考勤!$B$79:$V$90,21,0) -> 1 | H3: =C3+D3+E3+F3-G3 -> 265.5 | I3: =D3/H3 -> 0
A4: 唐孝日 | B4: =VLOOKUP(A4,[3]考勤!$B$79:$W$90,22,0) -> 221.56 | C4: =184-120 -> 64 | D4: =15*8 -> 120 | E4: =3.5+3+4.5+7.5+4+0.35+7.5 -> 30.35 | F4: =47-30.35 -> 16.65 | G4: =VLOOKUP(A4,[3]考勤!$B$79:$V$90,21,0) -> 9.44 | H4: =C4+D4+E4+F4-G4 -> 221.56 | I4: =D4/H4 -> 0.54161401
A5: 梁柱 | B5: =VLOOKUP(A5,[3]考勤!$B$79:$W$90,22,0) -> 184 | C5: =VLOOKUP(A5,[3]考勤!$B$79:$T$90,19,0) -> 184 | F5: =VLOOKUP(A5,[3]考勤!$B$79:$U$90,20,FALSE) -> 0 | G5: =VLOOKUP(A5,[3]考勤!$B$79:$V$90,21,0) -> 0 | H5: =C5+D5+E5+F5-G5 -> 184 | I5: =D5/H5 -> 0
A6: 黎佩锋 | B6: =VLOOKUP(A6,[3]考勤!$B$79:$W$90,22,0) -> 184 | D6: 184 | F6: =VLOOKUP(A6,[3]考勤!$B$79:$U$90,20,FALSE) -> 0 | G6: =VLOOKUP(A6,[3]考勤!$B$79:$V$90,21,0) -> 0 | H6: =C6+D6+E6+F6-G6 -> 184 | I6: =D6/H6 -> 1
A7: 何永志 | B7: =VLOOKUP(A7,[3]考勤!$B$79:$W$90,22,0) -> 196.5 | C7: =184-8 -> 176 | D7: 8 | F7: =VLOOKUP(A7,[3]考勤!$B$79:$U$90,20,FALSE) -> 16.5 | G7: =VLOOKUP(A7,[3]考勤!$B$79:$V$90,21,0) -> 4 | H7: =C7+D7+E7+F7-G7 -> 196.5 | I7: =D7/H7 -> 0.040712468
A8: 陈社海 | B8: =VLOOKUP(A8,[3]考勤!$B$79:$W$90,22,0) -> 278 | C8: =184-88 -> 96 | D8: =11*8 -> 88 | E8: =4.5+4+6.5+4+9.5+2.57+7+7+3.5 -> 48.57 | F8: =102-48.57 -> 53.43 | G8: =VLOOKUP(A8,[3]考勤!$B$79:$V$90,21,0) -> 8 | H8: =C8+D8+E8+F8-G8 -> 278 | I8: =D8/H8 -> 0.31654676
A9: 林宇寰 | B9: =VLOOKUP(A9,[3]考勤!$B$79:$W$90,22,0) -> 271.04 | C9: =184-112 -> 72 | D9: =14*8 -> 112 | E9: =5+7.5+6+4.5+10.5+4+2+2+4.5+6.5 -> 52.5 | F9: =102-52.5 -> 49.5 | G9: =VLOOKUP(A9,[3]考勤!$B$79:$V$90,21,0) -> 14.96 | H9: =C9+D9+E9+F9-G9 -> 271.04 | I9: =D9/H9 -> 0.41322314
A10: 田求发 | B10: =VLOOKUP(A10,[3]考勤!$B$79:$W$90,22,0) -> 243.5 | C10: =184-80 -> 104 | D10: =10*8 -> 80 | E10: =3.5+2.5+3.5+3.5+10+12.5+5+2+9 -> 51.5 | F10: =67.5-51.5 -> 16 | G10: =VLOOKUP(A10,[3]考勤!$B$79:$V$90,21,0) -> 8 | H10: =C10+D10+E10+F10-G10 -> 243.5 | I10: =D10/H10 -> 0.32854209
A11: 张建卿 | B11: =VLOOKUP(A11,[3]考勤!$B$79:$W$90,22,0) -> 246.56 | C11: 104 | D11: 80 | E11: =6+6+5+4+5+8.5+3+4.5+4.5+2+2+6.5 -> 57 | F11: =90-57 -> 33 | G11: =VLOOKUP(A11,[3]考勤!$B$79:$V$90,21,0) -> 27.44 | H11: =C11+D11+E11+F11-G11 -> 246.56 | I11: =D11/H11 -> 0.32446463
A12: 黄佳根 | B12: =VLOOKUP(A12,[3]考勤!$B$79:$W$90,22,0) -> 103 | C12: =184-8 -> 176 | D12: 8 | F12: =VLOOKUP(A12,[3]考勤!$B$79:$U$90,20,FALSE) -> 0 | G12: =VLOOKUP(A12,[3]考勤!$B$79:$V$90,21,0) -> 81 | H12: =C12+D12+E12+F12-G12 -> 103 | I12: =D12/H12 -> 0.077669903
A13: 刘志洪 | B13: =VLOOKUP(A13,[3]考勤!$B$79:$W$90,22,0) -> 181 | C13: 184 | F13: =VLOOKUP(A13,[3]考勤!$B$79:$U$90,20,FALSE) -> 9 | G13: =VLOOKUP(A13,[3]考勤!$B$79:$V$90,21,0) -> 12 | H13: =C13+D13+E13+F13-G13 -> 181 | I13: =D13/H13 -> 0
A14: 王伟超 | B14: =VLOOKUP(A14,[3]考勤!$B$79:$W$90,22,0) -> 274 | C14: =VLOOKUP(A14,[3]考勤!$B$79:$T$90,19,0) -> 184 | F14: =VLOOKUP(A14,[3]考勤!$B$79:$U$90,20,FALSE) -> 90 | G14: =VLOOKUP(A14,[3]考勤!$B$79:$V$90,21,0) -> 0 | H14: =C14+D14+E14+F14-G14 -> 274 | I14: =D14/H14 -> 0

Sheet 12月-项目工时汇总
A1: 序号 | B1: 人员 | C1: 项目号 | D1: 项目名称 | E1: 平时工时（H) | H1: 出差工时（H) | K1: 晚上加班工时（H) | N1: 周末加班工时（H) | Q1: 备注
E2: 方案 | F2: 设计 | G2: 调试 | H2: 方案 | I2: 设计 | J2: 调试 | K2: 方案 | L2: 设计 | M2: 调试 | N2: 方案 | O2: 设计 | P2: 调试
A3: 1 | B3: 黎佩锋 | C3: PJ250718275-PN002 | D3: 英特丽-充电桩老化 | I3: 8 | J3: 36
A4: 2 | B4: 黎佩锋 | C4: PJ250402103 | D4: BMS离线测试设备 | I4: 20 | J4: 72
A5: 3 | B5: 黎佩锋 | C5: PJ250219031 | D5: 浙江宇视BMS设备 | I5: 8 | J5: 40
A6: 4 | B6: 梁柱 | C6: PJ250804307 | D6: 德赛西威控制板-轮速功能 | F6: 16 | G6: 8
A7: 5 | B7: 梁柱 | C7: PJ251009414 | D7: MFOP通讯板开发 | E7: 4 | F7: 16 | G7: 8
A8: 6 | B8: 梁柱 | C8: PJ241105861 | D8: 振华群英老炼设备 | J8: 56
A9: 7 | B9: 梁柱 | C9: PJ251117483 | D9: 香氛瓶烧录测试设备 | E9: 8 | F9: 24 | G9: 24
A10: 8 | B10: 梁柱 | C10: RD202501054 | D10: KC9001S 机箱板卡开发 | E10: 8 | G10: 12
A11: 9 | B11: 何永志 | C11: PJ250811323 | D11: 杉川机器人减速机老化设备 | J11: 8
A12: 10 | B12: 何永志 | C12: PJ250804307 | D12: 电计贸易（上海）有限公司_德赛西威FCT&EOL测试设备 | G12: 8
A13: 11 | B13: 何永志 | C13: PJ250630243 | D13: 鼎新空调老化设备 | F13: 84 | L13: 8.5 | O13: 8
A14: 12 | B14: 何永志 | C14: PJ251009414 | D14: 水生态MFOP&双85实验室测试设备 | F14: 80
A15: 13 | B15: 席程 | C15: RD202501054 | D15: 无功负载的车规级功率模块测试系统 | E15: 17 | F15: 21 | G15: 26 | K15: 3.5 | L15: 2 | M15: 4 | N15: 5 | O15: 3 | P15: 3
A16: 14 | B16: 席程 | C16: PJ251009413 | D16: 黄岛水生态 (三条线体) | E16: 35 | F16: 14 | G16: 24 | K16: 8 | L16: 7 | M16: 3 | N16: 3 | O16: 8 | P16: 3
A17: 15 | B17: 席程 | C17: PJ251031453 | D17: 合肥美的成品测试设备 | E17: 22 | F17: 15 | G17: 10 | K17: 4 | L17: 9 | M17: 5 | N17: 7 | O17: 2 | P17: 2
A18: 16 | B18: 陈社海 | C18: PJ241105861 | D18: 贵州振华群英 | E18: 32 | F18: 32 | G18: 24 | J18: 88 | M18: 48.57 | P18: 53.43
A19: 17 | B19: 唐孝日 | C19: PJ250707257 | D19: 上海移远车机测试线体调试 | G19: 30 | J19: 120 | M19: 18.5 | P19: 22.5
A20: 18 | B20: 唐孝日 | C20: PJ251216521 | D20: 中山清匠遥控器制作电路图，产品验证 | F20: 24.56 | O20: 6
A21: 19 | B21: 林宇寰 | C21: PJ251009413 | D21: 水生态（UV&装载） | F21: 72 | M21: 52.5
A22: 20 | B22: 林宇寰 | C22: PJ250917393 | D22: 九信角度标定 | J22: 112
A23: 21 | B23: 林宇寰 | C23: PJ250818335 | D23: 飞耀视觉检测 | G23: 34.54
A24: 22 | B24: 田求发 | C24: PJ250814327-PN008 | D24: 越南BMS-DIP整线测试产线 | G24: 80 | J24: 80 | M24: 28 | P24: 31.5
A25: 23 | B25: 田求发 | C25: PJ250402103-PN001 | D25: 重庆卡奥斯BMS设备 | G25: 24
A26: 24 | B26: 张建卿 | C26: PJ241105861 | D26: 群英老化项目 | G26: 4
A27: 28 | B27: 张建卿 | C27: PJ250425139 | D27: 液位传感器自动组装包装线 | G27: 64.56 | J27: 80 | L27: 48.5 | O27: 29.5
A28: 29 | B28: 张建卿 | C28: PJ250707257-PN001 | D28: 移远SS4.0 | L28: 12
A29: 30 | B29: 张建卿 | C29: PJ250718277 | D29: 麦克维尔 | G29: 8
A30: 31 | B30: 黄佳根 | C30: RD202501054 | D30: KC9001S 老化/测试系统开发 | F30: 24 | G30: 71
A31: 32 | B31: 黄佳根 | C31: PJ250327091 | D31: 佛山华数驱控一体测试平台 | J31: 8
A32: 33 | B32: 刘志洪 | C32: PJ250718277 | D32: 麦克维尔B1改造线 | G32: 84 | J32: 7.5 | P32: 1.5
A33: 34 | B33: 刘志洪 | C33: PJ250425139 | D33: 液位传感器自动组装包装线 | G33: 88
A34: 35 | B34: 王伟超 | C34: RD202501054 | D34: 无功负载的车规级功率模块测试系统 | E34: 0 | F34: 92 | G34: 92 | H34: 0 | I34: 0 | J34: 0 | K34: 0 | L34: 0 | M34: 67.5 | N34: 0 | O34: 0 | P34: 22.5

Sheet 1-黎佩锋
A1: 黎佩锋_12_月份-工时统计表（单位：H）
A2: 序号 | B2: 项目号 | C2: 项目名称 | D2: 正常工时 | G2: 出差工时 | J2: 晚上加班工时 | M2: 周末加班工时
D3: 方案 | E3: 设计 | F3: 调试 | G3: 方案 | H3: 设计 | I3: 调试 | J3: 方案 | K3: 设计 | L3: 调试 | M3: 方案 | N3: 设计 | O3: 调试
A4: 1 | B4: PJ250718275-PN002 | C4: 英特丽-充电桩老化 | H4: 8 | I4: 36
A5: 2 | B5: PJ250402103 | C5: BMS离线测试设备 | H5: 20 | I5: 72
A6: 3 | B6: PJ250219031 | C6: 浙江宇视BMS设备 | H6: 8 | I6: 40

Sheet 11-刘志洪
A1: 刘志洪_12_月份-工时统计表（单位：H）
A2: 序号 | B2: 项目号 | C2: 项目名称 | D2: 正常工时 | G2: 出差工时 | J2: 晚上加班工时 | M2: 周末加班工时
D3: 方案 | E3: 设计 | F3: 调试 | G3: 方案 | H3: 设计 | I3: 调试 | J3: 方案 | K3: 设计 | L3: 调试 | M3: 方案 | N3: 设计 | O3: 调试
A4: 1 | B4: PJ250718277 | C4: 麦克维尔B1改造线 | F4: 84 | I4: 7.5 | O4: 1.5
A5: 2 | B5: PJ250425139 | C5: 液位传感器自动组装包装线 | F5: 88
A6: 3

Sheet 7-林宇寰
A1: 林宇寰_12_月份-工时统计表（单位：H）
A2: 序号 | B2: 项目号 | C2: 项目名称 | D2: 正常工时 | G2: 出差工时 | J2: 晚上加班工时 | M2: 周末加班工时
D3: 方案 | E3: 设计 | F3: 调试 | G3: 方案 | H3: 设计 | I3: 调试 | J3: 方案 | K3: 设计 | L3: 调试 | M3: 方案 | N3: 设计 | O3: 调试
A4: 1 | B4: PJ251009413 | C4: 水生态（UV&装载） | E4: 72 | L4: 52.5
A5: 2 | B5: PJ250917393 | C5: 九信角度标定 | I5: 112
A6: 3 | B6: PJ250818335 | C6: 飞耀视觉检测 | F6: 34.54

Sheet 10-黄佳根
A1: 黄佳根_12_月份-工时统计表（单位：H）
A2: 序号 | B2: 项目号 | C2: 项目名称 | D2: 正常工时 | G2: 出差工时 | J2: 晚上加班工时 | M2: 周末加班工时
D3: 方案 | E3: 设计 | F3: 调试 | G3: 方案 | H3: 设计 | I3: 调试 | J3: 方案 | K3: 设计 | L3: 调试 | M3: 方案 | N3: 设计 | O3: 调试
A4: 1 | B4: RD202501054 | C4: KC9001S 老化/测试系统开发 | E4: 24 | F4: 71
A5: 2 | B5: PJ250327091 | C5: 佛山华数驱控一体测试平台 | I5: 8

Sheet 8-田求发
A1: 田求发_12_月份-工时统计表（单位：H）
A2: 序号 | B2: 项目号 | C2: 项目名称 | D2: 正常工时 | G2: 出差工时 | J2: 晚上加班工时 | M2: 周末加班工时
D3: 方案 | E3: 设计 | F3: 调试 | G3: 方案 | H3: 设计 | I3: 调试 | J3: 方案 | K3: 设计 | L3: 调试 | M3: 方案 | N3: 设计 | O3: 调试
A4: 1 | B4: PJ250814327-PN008 | C4: 越南BMS-DIP整线测试产线 | F4: 80 | I4: 80 | L4: 28 | O4: 31.5
A5: 2 | B5: PJ250402103-PN001 | C5: 重庆卡奥斯BMS设备 | F5: 24
A6: 3
A7: 4
A8: 5
A9: 6
A10: 7
A11: 8
A12: 9
A13: 10
A14: 11
A15: 12
A16: 13
A17: 14
... A23: 20

Sheet 2-梁柱
A1: 梁柱_2025_12月份-工时统计表（单位：H）
A2: 序号 | B2: 项目号 | C2: 项目名称 | D2: 正常工时 | G2: 出差工时 | J2: 晚上加班工时 | M2: 周末加班工时
D3: 方案 | E3: 设计 | F3: 调试 | G3: 方案 | H3: 设计 | I3: 调试 | J3: 方案 | K3: 设计 | L3: 调试 | M3: 方案 | N3: 设计 | O3: 调试
A4: 1 | B4: PJ250804307 | C4: 德赛西威控制板-轮速功能 | E4: 16 | F4: 8
A5: 2 | B5: PJ251009414 | C5: MFOP通讯板开发 | D5: 4 | E5: 16 | F5: 8
A6: 3 | B6: PJ241105861 | C6: 振华群英老炼设备 | I6: 56
A7: 4 | B7: PJ251117483 | C7: 香氛瓶烧录测试设备 | D7: 8 | E7: 24 | F7: 24
A8: 5 | B8: RD202501054 | C8: KC9001S 机箱板卡开发 | D8: 8 | F8: 12

Sheet 9-张建卿
A1: 张建卿_12_月份-工时统计表（单位：H）
A2: 序号 | B2: 项目号 | C2: 项目名称 | D2: 正常工时 | G2: 出差工时 | J2: 晚上加班工时 | M2: 周末加班工时
D3: 方案 | E3: 设计 | F3: 调试 | G3: 方案 | H3: 设计 | I3: 调试 | J3: 方案 | K3: 设计 | L3: 调试 | M3: 方案 | N3: 设计 | O3: 调试
A4: 1 | B4: PJ241105861 | C4: 群英老化项目 | F4: 4
A5: 2 | B5: PJ250425139 | C5: 液位传感器自动组装包装线 | F5: 64.56 | I5: 80 | K5: 48.5 | N5: 29.5
A6: 3 | B6: PJ250707257-PN001 | C6: 移远SS4.0 | K6: 12
A7: 4 | B7: PJ250718277 | C7: 麦克维尔 | F7: 8

Sheet 6-唐孝日
A1: 唐孝日_12_月份-工时统计表（单位：H）
A2: 序号 | B2: 项目号 | C2: 项目名称 | D2: 正常工时 | G2: 出差工时 | J2: 晚上加班工时 | M2: 周末加班工时
D3: 方案 | E3: 设计 | F3: 调试 | G3: 方案 | H3: 设计 | I3: 调试 | J3: 方案 | K3: 设计 | L3: 调试 | M3: 方案 | N3: 设计 | O3: 调试
A4: 1 | B4: PJ250707257 | C4: 上海移远车机测试线体调试 | F4: 30 | I4: 120 | L4: 18.5 | O4: 22.5
A5: 2 | B5: PJ251216521 | C5: 中山清匠遥控器制作电路图，产品验证 | E5: 24.56 | N5: 6

Sheet 5-陈社海
A1: 陈社海_12_月份-工时统计表（单位：H）
A2: 序号 | B2: 项目号 | C2: 项目名称 | D2: 正常工时 | G2: 出差工时 | J2: 晚上加班工时 | M2: 周末加班工时
D3: 方案 | E3: 设计 | F3: 调试 | G3: 方案 | H3: 设计 | I3: 调试 | J3: 方案 | K3: 设计 | L3: 调试 | M3: 方案 | N3: 设计 | O3: 调试
A4: 1 | B4: PJ241105861 | C4: 贵州振华群英 | D4: 32 | E4: 32 | F4: 24 | I4: 88 | L4: 48.57 | O4: 53.43
A5: 2
A6: 3
A7: 4
A8: 5
A9: 6
A10: 7
A11: 8
A12: 9
A13: 10
A14: 11
A15: 12
A16: 13
... A23: 20

Sheet 4-席程
A1: 席程_12_月份-工时统计表（单位：H）
A2: 序号 | B2: 项目号 | C2: 项目名称 | D2: 正常工时 | G2: 出差工时 | J2: 晚上加班工时 | M2: 周末加班工时
D3: 方案 | E3: 设计 | F3: 调试 | G3: 方案 | H3: 设计 | I3: 调试 | J3: 方案 | K3: 设计 | L3: 调试 | M3: 方案 | N3: 设计 | O3: 调试
A4: 1 | B4: RD202501054 | C4: 无功负载的车规级功率模块测试系统 | D4: 17 | E4: 21 | F4: 26 | J4: 3.5 | K4: 2 | L4: 4 | M4: 5 | N4: 3 | O4: 3
A5: 2 | B5: PJ251009413 | C5: 黄岛水生态 (三条线体) | D5: 35 | E5: 14 | F5: 24 | J5: 8 | K5: 7 | L5: 3 | M5: 3 | N5: 8 | O5: 3
A6: 3 | B6: PJ251031453 | C6: 合肥美的成品测试设备 | D6: 22 | E6: 15 | F6: 10 | J6: 4 | K6: 9 | L6: 5 | M6: 7 | N6: 2 | O6: 2
A7: 4
A8: 5
A9: 6
A10: 7
A11: 8
A12: 9
A13: 10
A14: 11
A15: 12
A16: 13
A17: 14
A18: 15
... A23: 20

Sheet 3-何永志
A1: 何永志_12_月份-工时统计表（单位：H）
A2: 序号 | B2: 项目号 | C2: 项目名称 | D2: 正常工时 | G2: 出差工时 | J2: 晚上加班工时 | M2: 周末加班工时
D3: 方案 | E3: 设计 | F3: 调试 | G3: 方案 | H3: 设计 | I3: 调试 | J3: 方案 | K3: 设计 | L3: 调试 | M3: 方案 | N3: 设计 | O3: 调试
A4: 1 | B4: PJ250811323 | C4: 杉川机器人减速机老化设备 | I4: 8
A5: 2 | B5: PJ250804307 | C5: 电计贸易（上海）有限公司_德赛西威FCT&EOL测试设备 | F5: 8
A6: 3 | B6: PJ250630243 | C6: 鼎新空调老化设备 | E6: 84 | K6: 8.5 | N6: 8
A7: 4 | B7: PJ251009414 | C7: 水生态MFOP&双85实验室测试设备 | E7: 80

Sheet 12-王伟超
A1: 王伟超_2025_12月份-工时统计表（单位：H）
A2: 序号 | B2: 项目号 | C2: 项目名称 | D2: 正常工时 | G2: 出差工时 | J2: 晚上加班工时 | M2: 周末加班工时
D3: 方案 | E3: 设计 | F3: 调试 | G3: 方案 | H3: 设计 | I3: 调试 | J3: 方案 | K3: 设计 | L3: 调试 | M3: 方案 | N3: 设计 | O3: 调试
A4: 1 | B4: RD202501054 | C4: 无功负载的车规级功率模块测试系统 | D4: 0 | E4: 92 | F4: 92 | G4: 0 | H4: 0 | I4: 0 | J4: 0 | K4: 0 | L4: 67.5 | M4: 0 | N4: 0 | O4: 22.5
A5: 2
A6: 3
